[
    {
        "title": "Russian attack on Ternopil hits flats in one of deadliest strikes on western Ukraine",
        "location": "Ukraine",
        "lat": 49.4871968,
        "lon": 31.2718321,
        "url": "https://www.bbc.com/news/articles/cy0yere4k0zo?at_medium=RSS&at_campaign=rss"
    },
    {
        "title": "'Things happen' - Trump defends Saudi crown prince over Khashoggi killing",
        "location": "Khashoggi",
        "lat": 38.8979963,
        "lon": -77.0543063,
        "url": "https://www.bbc.com/news/articles/cn0gdkwp2p9o?at_medium=RSS&at_campaign=rss"
    },
    {
        "title": "Poland to close last Russian consulate over \u2018unprecedented act of sabotage\u2019",
        "location": "Poland",
        "lat": 52.215933,
        "lon": 19.134422,
        "url": "https://www.aljazeera.com/news/2025/11/19/poland-to-close-last-russian-consulate-over-unprecedented-act-of-sabotage?traffic_source=rss"
    },
    {
        "title": "Israeli air strike on Lebanon refugee camp kills 13 people",
        "location": "Lebanon",
        "lat": 33.8750629,
        "lon": 35.843409,
        "url": "https://www.aljazeera.com/video/newsfeed/2025/11/19/israeli-air-strike-on-lebanon-refugee-camp-kills-13-people?traffic_source=rss"
    }
]